rating,title,body
5,"Amazing product!","I absolutely love this makeup. It lasts all day and looks great, providing excellent coverage without feeling heavy. Definitely a staple in my beauty routine."
4,"Good but could be better","The color is nice, but the texture could be smoother. It applies well, but I found it slightly cakey after a few hours. Still a solid product for the price."
2,"Not great","The product didn’t meet my expectations. It was too greasy and didn’t blend well with my skin. I had high hopes, but unfortunately, it didn’t work for me."
5,"Perfect for daily use","This is now my go-to makeup. It feels light and natural on the skin, making it perfect for everyday wear. The shade matches my skin tone perfectly and it’s long-lasting."
3,"Average","It’s okay, but I’ve used better products before. The application is decent, but it doesn’t last as long as I would like. The coverage is medium, which is fine for casual days."
5,"Fantastic coverage!","This foundation provides fantastic coverage and makes my skin look flawless. It’s buildable, so I can achieve the coverage I need without it feeling heavy. Highly recommend!"
4,"Pretty good","Overall, I’m happy with this product. It gives a nice finish and has a good staying power. However, the shade range could be more inclusive. It’s a good option if you find a matching shade."
2,"Disappointed","I was really disappointed with this product. It doesn’t blend well and makes my skin look uneven. I tried using different techniques, but it just didn’t work out for me."
5,"Incredible!","I can’t get enough of this product. It’s perfect for special occasions or even everyday use. The texture is smooth, and it feels so light on the skin. A must-have in my collection."
3,"Just okay","This product is average. It does the job but doesn’t stand out in any particular way. It’s not bad, but it’s not exceptional either. I might try other options in the future."
5,"Best purchase ever!","This is hands down the best makeup I’ve ever used. It has excellent coverage and lasts all day without needing touch-ups. The formula is also very gentle on my sensitive skin."
4,"Good value","For the price, this is a great product. It has a nice finish and doesn’t make my skin oily. The only downside is the limited shade range, but it works well for my skin tone."
2,"Not worth it","I found this product to be quite underwhelming. It didn’t blend well and left a streaky finish. I wouldn’t repurchase it, as there are better options available in this price range."
5,"Perfect finish","This makeup gives a perfect finish every time. It’s smooth, blends easily, and provides excellent coverage. It’s become a staple in my makeup bag and I couldn’t be happier with it."
3,"Okay product","The product is okay but didn’t meet all my expectations. It provides decent coverage but can look a bit dull after a few hours. It’s not my favorite, but it’s usable."
4,"Great coverage","I really like the coverage this product provides. It’s buildable and covers blemishes effectively. The only issue is that it can sometimes feel a bit heavy on the skin."
5,"Wonderful!","This product is wonderful. It applies smoothly and lasts throughout the day without needing touch-ups. The finish is natural, and it doesn’t cause any breakouts. Highly recommend!"
2,"Not impressed","I’m not impressed with this makeup. It doesn’t blend well and looks patchy after a few hours. I’ve had better experiences with other brands and won’t be repurchasing this one."
5,"Fantastic results","I’m thrilled with the results of this product. It gives a flawless finish and doesn’t require much effort to apply. It’s become my go-to makeup for both daily use and special occasions."
4,"Good product","This is a good product overall. It provides decent coverage and has a nice finish. However, it can feel a bit heavy if too much is applied, so a little goes a long way."
5,"Incredible performance","The performance of this product is incredible. It lasts all day and maintains its appearance without needing touch-ups. It’s perfect for long workdays or nights out."
3,"Average experience","The product is average. It does the job but doesn’t offer anything extraordinary. It’s suitable for daily use but I wouldn’t use it for more formal events."
2,"Didn’t like it","I didn’t like this product at all. It was difficult to apply and didn’t blend well with my skin. I would not recommend it based on my experience."
5,"Great quality","The quality of this makeup is excellent. It’s easy to apply and gives a beautiful finish. I’m very satisfied with my purchase and would definitely buy it again."
4,"Satisfactory","The product is satisfactory. It meets my basic needs but doesn’t exceed my expectations. It’s good for everyday wear but I’m still looking for something a bit more exceptional."
5,"Absolutely perfect","This makeup is absolutely perfect. The coverage is fantastic and it feels very light on the skin. I’ve received numerous compliments while wearing it and will definitely repurchase."
4,"Very good","This product is very good. It applies smoothly and stays in place throughout the day. The only downside is the shade range, but it works well for my skin tone."
3,"Okay product","The product is okay. It provides moderate coverage and has a decent staying power. It’s not the best I’ve used, but it’s acceptable for daily wear."
5,"Wonderful finish","I love the finish of this makeup. It’s smooth, natural-looking, and lasts all day. It’s a great addition to my makeup collection and I highly recommend it."
2,"Not as expected","The product didn’t meet my expectations. It was too sheer and didn’t provide the coverage I was looking for. I wouldn’t repurchase it."
5,"Amazing quality","The quality of this makeup is amazing. It provides full coverage and lasts throughout the day. I’ve had a great experience using it and will definitely continue to use it."
4,"Good overall","This makeup is good overall. It has a nice texture and blends well. The staying power is decent, though I do find myself needing to reapply it occasionally."
2,"Disappointing","I found this product to be quite disappointing. It didn’t blend well and left a patchy finish. I won’t be repurchasing it."
5,"Fantastic finish","The finish of this makeup is fantastic. It’s smooth and even, and it stays in place all day. It’s quickly become one of my favorite products."
3,"Decent","This product is decent. It provides average coverage and doesn’t last as long as I’d like. It’s not bad, but there are better options available."
4,"Great product","I’m pleased with this product. It provides good coverage and has a nice finish. The only issue is that it can feel a bit heavy if applied too thickly."
5,"Excellent","This is an excellent product. It provides flawless coverage and doesn’t feel heavy on the skin. I’m very happy with it and would recommend it to others."
2,"Not worth it","The product is not worth it. It didn’t blend well and didn’t provide the coverage I needed. I won’t be using it again."
5,"Wonderful","This product is wonderful. It gives a beautiful finish and lasts all day. It’s definitely one of the best I’ve used."
4,"Good quality","The quality of this product is good. It provides decent coverage and lasts throughout the day. It’s a reliable choice for daily use."
5,"Perfect for me","This makeup is perfect for me. It provides excellent coverage and feels light on the skin. I’m very satisfied with my purchase."
4,"Very nice","This product is very nice. It has a good texture and provides a smooth finish. The only downside is that it can look a bit dull after a few hours."
3,"Average","The product is average. It does the job but doesn’t stand out in any particular way. It’s fine for everyday wear but not exceptional."
5,"Fantastic","This makeup is fantastic. It provides a flawless finish and lasts all day without needing touch-ups. I’m very impressed with its performance."
2,"Not good","The product didn’t meet my expectations. It was too sheer and didn’t provide the coverage I was looking for. I won’t be buying it again."
5,"Best ever","This is the best makeup I’ve ever used. It provides full coverage and lasts all day. It’s become a staple in my beauty routine
4,"Great value","For the price, this product offers great value. It has a nice finish and stays in place. However, the shade range could be better."
2,"Disappointing experience","I had a disappointing experience with this product. It didn’t blend well and looked patchy on my skin. I won’t be using it again."
5,"Excellent","This makeup is excellent. It provides a smooth, even finish and lasts all day. I’m very pleased with my purchase."
3,"Okay","The product is okay. It provides average coverage and has a decent staying power. It’s not the best, but it’s usable."
5,"Fantastic!","I think this is a fantastic product. The coverage is excellent and it lasts all day. I’m very happy with my purchase."
4,"Good product","This product is good. It has a nice finish and stays in place throughout the day. The only issue is that it can be a bit heavy if applied too thickly."
2,"Not great","I didn’t find this product to be very good. It didn’t blend well and left a streaky finish. I won’t be using it again."
5,"Great results","The results with this product are great. It provides a flawless finish and doesn’t need touch-ups during the day. I’m very satisfied with it."
3,"Average","This product is average. It provides decent coverage but doesn’t last as long as I would like. It’s okay for everyday use."
4,"Nice coverage","The coverage of this product is nice. It blends well and has a smooth finish. However, it can feel a bit heavy if applied too thickly."
5,"Wonderful product","This product is wonderful. It applies smoothly and provides excellent coverage. It’s a great addition to my makeup collection."
2,"Not impressed","I’m not impressed with this makeup. It didn’t blend well and left my skin looking uneven. I would not recommend it."
5,"Fantastic!","This is a fantastic product. It provides a beautiful finish and lasts all day. I’m very happy with my purchase and will definitely buy it again."
4,"Good quality","The quality of this makeup is good. It provides decent coverage and has a nice finish. It’s a reliable product for daily use."
5,"Perfect","This makeup is perfect for me. It provides excellent coverage and feels very light on the skin. I’m extremely satisfied with my purchase."
4,"Very good","This product is very good. It has a nice texture and stays in place throughout the day. The only downside is the shade range."
3,"Okay product","The product is okay. It provides moderate coverage and has average staying power. It’s fine for everyday wear but not exceptional."
5,"Excellent finish","The finish of this makeup is excellent. It’s smooth and even, and it lasts all day. I’m very pleased with the results."
3,"Decent","This product is decent. It provides average coverage and has a reasonable staying power. It’s not my favorite, but it’s usable."
5,"Fantastic","This makeup is fantastic. It provides full coverage and lasts throughout the day without needing touch-ups. It’s definitely worth the purchase."
4,"Good value","For the price, this product offers good value. It has a nice finish and stays in place. However, the shade range could be better."
2,"Disappointing","I found this product to be quite disappointing. It didn’t blend well and looked patchy on my skin. I wouldn’t buy it again."
5,"Great","This makeup is great. It provides a flawless finish and lasts all day. I’m very happy with it and will continue to use it."
3,"Okay","The product is okay. It provides decent coverage but doesn’t last as long as I would like. It’s acceptable for daily wear."
5,"Excellent","This is an excellent product. It provides perfect coverage and lasts all day. I’m very pleased with my purchase and will definitely buy it again."
4,"Very good","This makeup is very good. It applies smoothly and stays in place throughout the day. The only downside is the limited shade range."
2,"Not great","I didn’t find this product to be very good. It was difficult to apply and didn’t blend well with my skin. I won’t be using it again."
5,"Fantastic","This product is fantastic. It provides a smooth, even finish and lasts all day. I’m very happy with my purchase and would recommend it to others."
3,"Decent","The product is decent. It provides average coverage and has a decent staying power. It’s okay for everyday use but not exceptional."
5,"Amazing","This makeup is amazing. It provides excellent coverage and feels light on the skin. It has quickly become a favorite in my beauty routine."
4,"Good overall","The product is good overall. It has a nice texture and stays in place throughout the day. The only issue is that it can feel a bit heavy if applied too thickly."
2,"Disappointing","I was disappointed with this product. It didn’t blend well and left my skin looking uneven. I wouldn’t buy it again."
5,"Great results","The results with this product are great. It provides a flawless finish and lasts all day. I’m very satisfied with my purchase."
3,"Okay","This product is okay. It provides decent coverage and has average staying power. It’s acceptable for everyday wear but not outstanding."
5,"Fantastic product","This is a fantastic product. It provides full coverage and lasts throughout the day without needing touch-ups. It’s become a staple in my makeup collection."
4,"Very nice","This makeup is very nice. It applies smoothly and has a good texture. The only downside is that it can look a bit dull after a few hours."
3,"Average","The product is average. It provides moderate coverage and has a decent staying power. It’s suitable for daily use but not exceptional."
5,"Excellent","This product is excellent. It provides a smooth, even finish and lasts all day. I’m very pleased with the results and would recommend it to others."
3,"Decent","The product is decent. It provides average coverage and has reasonable staying power. It’s okay for everyday use but not extraordinary."
5,"Incredible","This makeup is incredible. It provides perfect coverage and feels light on the skin. It’s definitely worth the purchase and I’ll be buying it again."
4,"Good value","For the price, this product offers good value. It has a nice finish and stays in place. However, the shade range could be more inclusive."
2,"Disappointing","I found this product to be quite disappointing. It didn’t blend well and left a patchy finish. I wouldn’t repurchase it."
5,"Fantastic","This makeup is fantastic. It provides a beautiful finish and lasts all day. I’m very happy with my purchase and will definitely buy it again."
4,"Good quality","The quality of this makeup is good. It provides decent coverage and has a nice finish. It’s a reliable choice for daily use."
5,"Perfect","This makeup is perfect. It provides excellent coverage and feels very light on the skin. I’m extremely satisfied with my purchase and will be using it regularly."
4,"Very good","This product is very good. It applies smoothly and stays in place throughout the day. The only downside is the limited shade range."
2,"Not good","The product didn’t meet my expectations. It was too sheer and didn’t provide the coverage I needed. I won’t be buying it again."
5,"Great","This makeup is great. It provides a flawless finish and lasts all day. I’m very pleased with it and will continue to use it."
3,"Okay","The product is okay. It provides decent coverage but doesn’t last as long as I would like. It’s acceptable for daily wear but not exceptional."
5,"Fantastic quality","This makeup has fantastic quality. It provides full coverage and lasts throughout the day without needing touch-ups. It’s a great addition to my beauty routine."
4,"Good overall","The product is good overall. It has a nice texture and stays in place throughout the day. The only issue is that it can feel a bit heavy if applied too thickly."
2,"Disappointing","I was disappointed with this product. It didn’t blend well and left my skin looking uneven. I wouldn’t recommend it."
5,"Wonderful","This makeup is wonderful. It provides a smooth, even finish and lasts all day. I’m very satisfied with my purchase and would recommend it to others."
3,"Decent","The product is decent. It provides average coverage and has reasonable staying power. It’s okay for everyday use but not outstanding."
5,"Excellent product","I am very pleased with this product. It exceeded my expectations!"
4,"Good quality","The product is good, but there's room for improvement."
3,"Average experience","The product is okay, but I expected better."
2,"Not satisfied","The quality did not meet my expectations."
1,"Very disappointed","I am not happy with this purchase at all."
5,"Amazing!","This product is fantastic! I would highly recommend it."
4,"Quite good","Overall, a good product but with a few minor flaws."
3,"It's alright","The product is acceptable but not outstanding."
2,"Below expectations","The product did not meet my expectations in terms of quality."
1,"Terrible purchase","I regret buying this product. It was a waste of money."
5,"Outstanding","The best product I've ever bought. Highly recommend!"
4,"Good value","The product is good for the price. Worth buying."
3,"Okay","It’s an okay product, not too bad but not great either."
2,"Disappointing","The quality was below what I expected."
1,"Worst purchase","The product is terrible. Very unhappy."
5,"Fantastic","This is exactly what I needed. Will buy again!"
4,"Nice","The product is nice, though it could use some improvements."
3,"Decent","It's a decent product, but I wouldn’t rave about it."
2,"Not great","Not what I was hoping for. Could be better."
1,"Avoid","Terrible product. I wouldn’t recommend it to anyone."
5,"Love it","I love this product. It’s exactly what I wanted."
4,"Solid","A solid product, though there are a few issues."
3,"Average","The product is average. It’s not bad but not great either."
2,"Meh","It’s just okay. Not worth the price."
1,"Very poor","I am very disappointed with this product."
5,"Excellent!","The best purchase I’ve made in a long time."
4,"Good overall","The product is good overall, with some minor flaws."
3,"Okay product","The product is okay, but there are better options."
2,"Not impressed","I’m not impressed with the quality of this product."
1,"Terrible","This product is terrible. Avoid at all costs."
5,"Perfect","The product is perfect. Exactly what I needed."
4,"Very good","The product is very good. A few minor issues but overall great."
3,"Alright","The product is alright. It’s not too bad."
2,"Poor","Not happy with this purchase. The quality is poor."
1,"Awful","This is an awful product. I regret buying it."
5,"Top-notch","Top-notch quality. Very satisfied with my purchase."
4,"Good quality","The quality is good. Would buy again."
3,"Mediocre","The product is mediocre. It serves its purpose but nothing special."
2,"Displeased","I am displeased with the product. Not what I expected."
1,"Very bad","The product is very bad. I do not recommend it."
5,"Incredible","Incredible product. I couldn’t be happier."
4,"Nice","Nice product with a few minor issues."
3,"Satisfactory","Satisfactory product. It meets the basic requirements."
2,"Not worth it","The product is not worth the money. Very disappointed."
1,"Poor quality","The quality of this product is poor. I’m unhappy."
5,"Great!","Great product! Exceeded my expectations."
4,"Good value","Good value for the price. I’m happy with it."
3,"Fair","Fair product. It does the job but could be better."
2,"Below par","The product is below par. Not as good as expected."
1,"Substandard","Substandard quality. Not worth the price."
5,"Fantastic purchase","A fantastic purchase. Highly recommend!"
4,"Very nice","Very nice product with a few minor issues."
3,"Okay but not great","It’s okay but not as great as I hoped."
2,"Not good","Not good quality. I wouldn’t buy it again."
1,"Disastrous","A disastrous product. I regret buying it."
5,"Excellent quality","Excellent quality. I am very happy with it."
4,"Good","Good product overall with a few issues."
3,"Mediocre quality","The quality is mediocre. It does the job but nothing special."
2,"Not satisfactory","The product is not satisfactory. I am disappointed."
1,"Terrible experience","Had a terrible experience with this product."
5,"Wonderful","Wonderful product. I’m very satisfied."
4,"Very good quality","Very good quality. A few minor flaws but overall good."
3,"Average quality","The product is of average quality. Not great but not bad."
2,"Unsatisfactory","Unsatisfactory product. Not as expected."
1,"Very poor quality","Very poor quality. Do not buy."
5,"Amazing product","Amazing product. Worth every penny."
4,"Good","Good product. I’m happy with it."
3,"Fairly good","Fairly good product. It meets the basic needs."
2,"Not worth the price","Not worth the price. Quality could be better."
1,"Extremely poor","Extremely poor quality. I wouldn’t recommend it."
5,"Exceptional","Exceptional product. I’m very pleased."
4,"Nice quality","Nice quality product. A few minor issues."
3,"Average","Product is average. It’s okay but could be better."
2,"Disappointing","Disappointing quality. I expected better."
1,"Awful","Awful product. Very disappointed."
5,"Great","Great quality. Very happy with this product."
4,"Good overall","Good product overall. Some minor flaws."
3,"Decent","Decent product. It meets expectations but not outstanding."
2,"Below average","Below average quality. Could be improved."
1,"Horrible","Horrible product. Do not waste your money."
5,"Perfect purchase","Perfect purchase. Exactly what I wanted."
4,"Very good","Very good product with a few minor issues."
3,"Okay quality","Okay quality. Not the best but not the worst."
2,"Subpar","Subpar product. Not what I expected."
1,"Terrible","Terrible product. Very unhappy with it."
5,"Wonderful!","Wonderful product. I am very satisfied."
4,"Good","Good product with a few minor issues."
3,"Average","Average product. It’s okay but not great."
2,"Not good","Not good quality. I am disappointed."
1,"Very bad","Very bad product. I regret buying it."
5,"Fantastic","Fantastic product. Highly recommend!"
4,"Nice","Nice quality product. A few minor issues."
3,"Average","The product is average. It does the job."
2,"Poor","The quality is poor. Not worth the price."
1,"Awful","Awful experience with this product."
5,"Excellent","Excellent product. Very happy with it."
4,"Good","Good product overall with some issues."
3,"Mediocre","Mediocre product. It’s okay but not great."
2,"Disappointed","Disappointed with the quality. Not as expected."
1,"Terrible","Terrible product. Do not recommend."
5,"Exceptional","This product is exceptional. Exceeded all my expectations!"
4,"Great value","Great value for money. The product is solid and performs well."
3,"Average","The product is average. It works but nothing special."
2,"Below expectations","Did not meet my expectations. Quality could be improved."
1,"Very poor","Very poor quality. I am extremely disappointed."
5,"Fantastic purchase","This is a fantastic purchase. Totally worth the money!"
4,"Good quality","The product is good quality, but it has a few minor issues."
3,"Satisfactory","The product is satisfactory. It does what it says."
2,"Not great","The product is not great. I expected better for the price."
1,"Horrible","Horrible experience. I wouldn’t recommend this product."
5,"Perfect","Perfect product. Exactly as described and very satisfying."
4,"Nice","Nice product with a few minor flaws but overall good."
3,"Okay","It’s an okay product. Works fine but nothing extraordinary."
2,"Disappointing","Very disappointing. The quality is not up to the mark."
1,"Terrible","Terrible product. Very unhappy with my purchase."
5,"Amazing","Amazing quality. Exceeds all expectations."
4,"Solid","Solid product. Good value for the price."
3,"Average","Average product. It gets the job done but doesn’t wow."
2,"Unsatisfactory","Unsatisfactory product. I’m not happy with it."
1,"Substandard","Substandard quality. I would not buy this again."
5,"Outstanding","Outstanding product. Very pleased with the purchase."
4,"Good","Good overall product with a few minor flaws."
3,"Mediocre","Mediocre quality. It’s not the best but acceptable."
2,"Poor","The product quality is poor. Not worth the money."
1,"Very poor","Very poor quality. I regret buying this."
5,"Excellent","Excellent product. I am very satisfied with it."
4,"Good value","Good value for money. It’s a reliable product."
3,"Fair","Fair product. It does what it’s supposed to do."
2,"Not worth it","Not worth the price. Quality is subpar."
1,"Bad","Bad quality. I would not recommend it to others."
5,"Love it","Love this product. It’s perfect for my needs."
4,"Nice quality","Nice quality product, though not perfect."
3,"Satisfactory","Satisfactory product. Meets the basic requirements."
2,"Disappointing","Disappointing purchase. The quality is lacking."
1,"Awful","Awful product. Very disappointed with it."
5,"Top-notch","Top-notch quality. Very pleased with this purchase."
4,"Good","Good product with minor issues but overall fine."
3,"Decent","Decent product. It’s okay but could be better."
2,"Not good","Not good quality. Could use improvements."
1,"Very bad","Very bad experience. I do not recommend it."
5,"Fantastic","Fantastic product. I’m very happy with it."
4,"Great","Great product. A few issues but overall good."
3,"Okay","The product is okay. It works but isn’t impressive."
2,"Subpar","Subpar quality. Not what I expected."
1,"Terrible","Terrible quality. Very unhappy with my purchase."
5,"Wonderful","Wonderful product. Exceeded my expectations."
4,"Good","Good product overall, with some minor flaws."
3,"Mediocre","Mediocre product. It’s acceptable but not great."
2,"Below average","Below average quality. I’m disappointed."
1,"Horrible","Horrible product. I wouldn’t recommend it to anyone."
5,"Perfect","Perfect purchase. Exactly what I needed."
4,"Nice","Nice quality with a few minor issues."
3,"Average","Average product. It meets the basic needs."
2,"Disappointing","Disappointing quality. Not worth the money."
1,"Awful","Awful product. I regret buying it."
5,"Excellent","Excellent quality. Very satisfied with my purchase."
4,"Good value","Good value for the price. I’m happy with it."
3,"Fair","Fair product. It serves its purpose but isn’t outstanding."
2,"Not satisfactory","Not satisfactory quality. Could be better."
1,"Extremely poor","Extremely poor quality. Do not buy."
5,"Incredible","Incredible product. Very pleased with it."
4,"Very good","Very good quality with some minor issues."
3,"Okay","Okay quality. It does the job but isn’t impressive."
2,"Subpar","Subpar quality. Not as expected."
1,"Very poor","Very poor quality. Very disappointed."
5,"Great","Great product. I’m very happy with it."
4,"Good","Good product with minor issues."
3,"Average","Average product. It’s okay but not great."
2,"Displeased","Displeased with the quality. Not as expected."
1,"Horrible","Horrible product. I wouldn’t recommend it."
5,"Wonderful","Wonderful product. Exactly what I wanted."
4,"Nice quality","Nice quality product with a few minor issues."
3,"Average","Average product. It meets the basic requirements."
2,"Disappointing","Disappointing quality. Not worth the price."
1,"Terrible","Terrible experience with this product."
5,"Excellent","Excellent product. Very happy with it."
4,"Good","Good product overall with some issues."
3,"Mediocre","Mediocre product. It’s okay but not great."
2,"Not good","Not good quality. I am disappointed."
1,"Very bad","Very bad product. I regret buying it."
5,"Fantastic","Fantastic product. Highly recommend!"
4,"Nice","Nice quality product with a few minor issues."
3,"Okay","The product is okay. It does the job."
2,"Poor","The quality is poor. Not worth the price."
1,"Awful","Awful experience with this product."
5,"Great","Great quality. Very happy with it."
4,"Good","Good product overall with some issues."
3,"Decent","Decent product. It’s okay but could be better."
2,"Not satisfactory","Not satisfactory. Quality could be improved."
1,"Terrible","Terrible product. Do not buy."